search_time (s),config time (ms)
0,1073741824
1,91665.10186
2,73627.52391371428
6,62013.36662757143
58,62013.36662757143
83,66514.81250100835
101,66514.81250100835
110,66736.97151442856
117,66722.98168894785
120,61995.56306466215
140,61995.56306466215
153,66749.82313594785
159,66660.60196900001
160,66763.29400985713
169,66763.68730042856
177,66036.01442123357
208,65272.928772065694
