search_time (s),config time (ms)
0,1073741824
1,126075.26862500004
2,89815.80547037642
3,63060.448654285734
39,63060.448654285734
46,67536.74651428573
80,69075.00460511472
114,69727.57407971434
115,69727.57407971434
116,69727.57407971434
117,69727.57407971434
133,71134.21592270386
154,72420.92514442858
155,72420.92514442858
156,72420.92514442858
157,72420.92514442858
188,75531.65801170074
208,75576.86534523359
213,75569.84514980501
