search_time (s),config time (ms)
0,1073741824
1,27053.924209417048
2,27053.924209417048
3,27053.924209417048
4,27053.924209417048
5,27053.924209417048
6,27053.924209417048
