search_time (s),config time (ms)
0,30993.469487964034
1,30993.469487964034
2,30993.469487964034
3,30993.469487964034
4,30993.469487964034
5,30993.469487964034
6,30993.469487964034
7,31857.693740465184
8,31857.693740465184
9,31857.693740465184
10,31857.693740465184
11,31857.693740465184
12,26798.457302232593
13,26798.457302232593
14,26798.457302232593
15,26798.457302232593
16,26798.457302232593
