search_time (s),config time (ms)
0,1073741824
1,47365.63376410698
3,47365.63376410698
5,47365.63376410698
7,47365.63376410698
9,47365.63376410698
11,47365.63376410698
