search_time (s),config time (ms)
0,1073741824
1,52281.90671312105
2,51527.07800899119
3,51025.84550204165
4,49636.56664929252
5,49513.24081843352
9,49497.66684905984
38,49497.66684905984
49,47379.92878119701
50,47229.45637352365
93,47229.45637352365
124,49530.44389057371
142,49503.65090886645
154,49488.07693949277
171,51435.92266417593
190,47231.93485404604
202,47231.93485404604
209,47836.49758556096
