search_time (s),config time (ms)
0,109111.33910392801
1,105942.12559293036
2,105942.12559293036
3,105942.12559293036
4,105942.12559293036
5,105942.12559293036
6,105942.12559293036
7,105942.12559293036
8,109111.33910392801
9,109111.33910392801
10,109111.33910392801
11,109111.33910392801
12,109111.33910392801
13,52829.6309884651
14,52829.6309884651
15,52829.6309884651
16,52829.6309884651
17,52829.6309884651
