search_time (s),config time (ms)
0,162992.805717843
1,10997.674815556831
2,10997.674815556831
3,10997.674815556831
4,10997.674815556831
5,10997.674815556831
6,10997.674815556831
7,10997.674815556831
8,162992.805717843
9,162992.805717843
10,162992.805717843
11,162992.805717843
12,162992.805717843
13,13330.054292571433
14,13330.054292571433
15,13330.054292571433
16,13330.054292571433
17,13330.054292571433
