search_time (s),config time (ms)
0,1073741824
1,67617.34996503632
2,58539.10523412195
3,43290.647560326106
5,41037.08255972532
6,40812.76132964688
7,40463.33233870463
8,40458.72556978121
12,40458.71634882486
21,40069.3041624681
35,40063.26062538137
56,39137.62805690065
57,38872.14004310408
70,38848.37049055611
148,38848.37049055611
209,39532.114267058445
210,39648.35012877037
211,39856.096560948674
212,39944.00268691908
