search_time (s),config time (ms)
0,1073741824
1,63512.334068568205
2,42712.665420481084
3,41490.63927381109
25,41486.32753234985
27,40713.955664182715
28,40713.568932436574
45,40708.998785729316
56,40705.63284410878
57,40105.59909454987
154,40105.59909454987
207,40338.33139195952
