search_time (s),config time (ms)
0,77941.48941634099
1,67429.27186251165
2,58205.91719069008
6,46431.96284549403
7,45910.11926187398
12,45854.937277536344
16,45764.95438534346
22,45692.649925113845
24,43940.33357643238
64,43374.57743210538
205,43374.57743210538
