search_time (s),config time (ms)
0,96197.42552254868
1,87175.6179056547
2,86079.58296655095
3,83612.70018887128
4,69805.45857669847
6,51214.20122137002
7,46722.21759579716
10,46697.48702056585
11,45380.008467026
20,44126.2781430706
207,44126.2781430706
