search_time (s),config time (ms)
0,41998.970506476726
1,39636.77043091637
7,39635.54095367531
12,39322.44271425325
51,39113.256171017914
52,39054.144861249806
61,39053.859364675736
77,39052.34823695707
85,39052.27930000875
107,39050.93423325671
153,38606.96970913637
206,38606.96970913637
