search_time (s),config time (ms)
0,78920.61839935095
1,78031.20298481843
2,59074.683449451266
3,56806.12587133571
4,55804.28103797038
5,55126.618419116036
6,54743.081004676365
8,46659.272548750705
17,45197.65085020045
18,45184.06914798148
22,45142.59612983883
122,44289.5608900897
123,44045.8072020698
207,44045.8072020698
