search_time (s),config time (ms)
0,1073741824
1,79693.42709668595
2,45367.02380053392
3,41848.42566939292
4,40456.282885109846
5,40421.23285204429
32,39772.05166486086
41,39358.34666751195
42,38968.43139154201
88,38351.58266096256
194,38342.37275886985
205,38342.37275886985
206,38964.663580198096
207,39122.69870702979
208,39129.37368104835
209,39346.92481245945
210,39504.36723973769
211,39532.99726756109
212,39779.462796499975
213,39797.857357850815
