search_time (s),config time (ms)
0,72246.49535695466
1,41738.25168132973
9,39939.35155244337
10,39865.48137839025
11,39821.81480799069
12,39613.166398913454
18,39605.071254327435
19,39560.02827574603
35,38469.35127520175
102,38465.29994717326
115,38457.01571339624
207,38457.01571339624
