search_time (s),config time (ms)
0,55209.73631727822
1,47926.21957699877
2,46662.87896491251
3,44807.96846278174
6,44087.15637729531
8,44083.959483640465
203,44083.959483640465
