search_time (s),config time (ms)
0,1073741824
1,72344.42552409852
2,42540.72746663888
6,41627.68082685471
7,41264.22745069724
8,41221.405337529985
36,40613.283696004146
39,39765.38829913174
53,39758.05514918832
68,39757.627574818296
75,39755.21113560873
76,39712.99204431446
77,39446.955325428324
78,39212.41255940395
85,39208.35170766645
86,38606.11187656251
118,38599.15411911323
208,38599.15411911323
