search_time (s),config time (ms)
0,1073741824
1,49165.504198376715
3,47541.198943340605
4,44560.1185290638
5,44559.30126649889
8,44231.11453350801
11,41363.67139565872
14,41363.316962136334
20,41357.60212912229
30,41346.629558363216
32,41055.27106569375
33,39896.42572810561
115,39896.42572810561
195,39896.31400787596
208,39896.31400787596
