search_time (s),config time (ms)
0,1073741824
1,120170.0058045984
3,119187.36429713396
38,119162.35750674752
56,119154.5302845135
94,119148.46536857607
155,119145.41455069128
204,119145.41455069128
