search_time (s),config time (ms)
0,1073741824
1,177976.89903533368
2,132292.5408733775
3,122101.23465306456
5,118835.9490206397
16,118834.77400521419
27,118815.75551836615
29,115808.13328343029
30,114543.68084474336
31,111942.63279693104
203,111942.63279693104
204,111455.94173260259
206,111455.94173260259
