search_time (s),config time (ms)
0,129030.5013085501
1,117055.61085514877
2,115512.40405496382
9,114787.54081793469
18,114064.91239982675
80,114064.91239982675
116,115522.1668853468
151,115522.83235792317
191,115133.950172423
204,115133.950172423
