search_time (s),config time (ms)
0,1073741824
1,186001.67332786016
2,127586.19183461992
8,124341.46413761673
9,120158.46080777595
14,117828.32806041693
15,113469.05918985195
38,111718.86416831482
114,111718.86416831482
158,111725.0299210223
205,112123.78254712679
206,113429.00676484434
