search_time (s),config time (ms)
0,1073741824
1,165876.41645360764
2,151171.08342150613
3,125057.1255881901
4,124877.42967130555
42,124874.56387452647
80,121993.39268709296
81,121693.66581034445
103,121680.66095270657
111,121656.73106019072
118,117204.49404465135
126,116360.22925560159
141,116356.1134264427
154,116353.09565805558
190,116352.43505648921
207,116352.43505648921
