search_time (s),config time (ms)
0,1073741824
1,152045.2524930668
2,143785.03536403528
3,119377.50669598098
24,119368.98177820191
47,117908.029416502
80,117882.09216754917
145,117567.61105658417
146,115275.16211645791
149,115253.95372187445
187,113823.27719171565
207,113823.27719171565
