search_time (s),config time (ms)
0,145783.554402561
1,126444.33606846377
2,126433.03049514002
3,122940.94389298809
11,122929.63831966433
12,121678.99748224612
39,121668.33112091685
44,121482.40716004481
71,121482.40716004481
78,121481.32628630569
89,121481.32628630569
119,121473.29506862164
139,119012.98104913486
165,118200.8826884136
191,116514.75799329342
207,116514.75799329342
