search_time (s),config time (ms)
0,1073741824
1,143848.9612195817
2,119039.43684844625
3,118365.76125989998
4,117938.00129083217
6,117936.90553082117
8,117933.4302533766
25,117931.54273041499
34,117899.79032278496
36,117899.02429588063
41,117526.87269932823
64,117146.68693732242
71,117142.90524958304
80,117117.8984591966
96,115326.47852494346
121,115325.70546640393
208,115325.70546640393
