search_time (s),config time (ms)
0,177193.6796945372
1,137404.61472267273
2,129552.01515104786
10,127987.72420835444
11,127801.55351956112
12,123346.58512104904
20,122203.97031403043
72,122203.97031403043
73,121591.60231910858
116,121591.60231910858
130,120399.35490750348
131,119853.90915094945
177,119853.90915094945
206,121353.29608693393
