search_time (s),config time (ms)
0,1073741824
1,133376.36377457797
2,121045.85551355411
8,121039.89880066324
13,121039.54169916437
22,119145.32611739381
24,117295.9781568692
65,117278.5099948882
153,117278.5099948882
204,117316.2645898435
