{
  "NodeSpec(target_spec=NNModuleSpec(torch.nn.modules.dropout.Dropout [constants] {'p': 0.0, 'inplace': False}, [requires_grad] {}, [dtype] {}), bounded_signature={'input': TensorSpec(shape=(1, 2048, 2048), dtype=torch.float16, requires_grad=True)})": {
    "fwd": [
      7.905280068516731e-05,
      7.577600330114365e-05,
      9.809042122107858e-06
    ],
    "bwd": [
      0.00011714560016989706,
      0.00011212800070643425,
      8.823053824790928e-06
    ]
  },
  "NodeSpec(target_spec=NNModuleSpec(torch.nn.modules.dropout.Dropout [constants] {'p': 0.0, 'inplace': False}, [requires_grad] {}, [dtype] {}), bounded_signature={'input': TensorSpec(shape=(2, 2048, 2048), dtype=torch.float16, requires_grad=True)})": {
    "fwd": [
      3.1744000129401684e-05,
      2.9184000566601755e-05,
      7.182613371099447e-06
    ],
    "bwd": [
      7.628800123929979e-05,
      7.577600330114365e-05,
      3.7554408728690813e-06
    ]
  },
  "NodeSpec(target_spec=NNModuleSpec(torch.nn.modules.dropout.Dropout [constants] {'p': 0.0, 'inplace': False}, [requires_grad] {}, [dtype] {}), bounded_signature={'input': TensorSpec(shape=(4, 2048, 2048), dtype=torch.float16, requires_grad=True)})": {
    "fwd": [
      2.355200028978288e-06,
      2.0479999948292972e-06,
      4.692558033269234e-07
    ],
    "bwd": [
      0.00019210240095853806,
      0.00019200000166893005,
      1.3113623822252125e-06
    ]
  },
  "NodeSpec(target_spec=NNModuleSpec(torch.nn.modules.dropout.Dropout [constants] {'p': 0.0, 'inplace': False}, [requires_grad] {}, [dtype] {}), bounded_signature={'input': TensorSpec(shape=(8, 2048, 2048), dtype=torch.float16, requires_grad=True)})": {
    "fwd": [
      2.1504000062122936e-06,
      2.0479999948292972e-06,
      3.0720003414899105e-07
    ],
    "bwd": [
      0.00057221120595932,
      0.0005724160075187683,
      4.116415917322749e-06
    ]
  }
}