search_time (s),config time (ms)
0,118973.24953875871
1,116050.76151295855
2,114254.52913731517
3,89369.58442865772
4,83080.47722207844
10,79486.89825974604
14,78804.89761619428
16,78291.54759041479
17,77603.9120120853
60,77596.04341851576
90,77593.3814611594
201,77589.71094079057
207,77589.71094079057
