search_time (s),config time (ms)
0,125152.54877436781
1,122887.41998235091
2,107836.59760619202
3,103072.32610638195
4,99106.59997604506
7,90071.42380588099
8,89559.75351525632
10,88792.26201276835
11,85809.82277331282
39,84130.66361364388
99,84130.66361364388
100,82000.09006754178
137,82000.09006754178
142,84130.69932190474
187,82410.1301100823
209,82396.96657002003
