search_time (s),config time (ms)
0,119855.2259791832
2,82946.75224590795
4,80801.53617088152
11,79830.76053590243
29,78780.66368573485
81,78771.30352109882
94,78684.5276952224
126,78678.8202378942
167,78673.44193046867
205,78673.44193046867
206,79221.88815741324
207,79539.46811247099
208,79557.72831327895
209,79602.83214573773
210,79712.74020236732
211,79725.77933470818
212,79907.31819600446
213,80019.61876261029
214,80039.86597482278
