search_time (s),config time (ms)
0,106274.75343657208
1,83242.88444696348
26,83213.6300943137
27,82208.62663466106
36,81704.88195108448
37,81054.75460108582
119,81051.15134083925
131,79704.86239598817
138,78306.14305984066
205,78306.14305984066
