search_time (s),config time (ms)
0,1073741824
1,94703.62699913244
2,78027.13111469719
9,76985.31509282165
11,76983.60682168584
13,76980.73099145331
40,76980.12240444381
53,76979.748051625
59,76979.47021535078
60,76976.40524373091
67,76974.76840458912
85,76719.30870230551
207,76719.30870230551
