search_time (s),config time (ms)
0,92766.75915718608
1,84509.05431287113
4,81965.03999236325
5,81947.65148229765
7,81134.36781863173
17,80293.33352303605
153,80292.07573459753
204,80292.07573459753
