search_time (s),config time (ms)
0,1073741824
1,179917.09011342248
2,155749.37191260187
3,155196.33779777007
4,96922.219062699
5,81450.93037838706
7,80416.9463575746
19,79713.15894264025
20,78510.38510344998
22,78117.34922148203
23,75092.60950957118
24,74648.20202642943
209,74648.20202642943
