search_time (s),config time (ms)
0,82124.17514336896
1,79944.61709742372
19,79936.44918955374
45,78295.16941918217
201,78295.16941918217
