search_time (s),config time (ms)
0,82410.91472877515
11,80879.29059138437
12,78194.20942081789
24,77849.00407454277
27,77845.72907461836
30,77137.75417181083
70,77104.30576527953
83,77094.96687221924
97,77069.77509987488
132,77067.56195173108
205,77067.56195173108
