search_time (s),config time (ms)
0,106013.71023726741
1,89313.74560037855
2,86798.26730177381
9,86783.47017774126
40,85847.54871566455
97,84963.87462862908
128,84878.61536867094
132,84076.74128075254
133,84032.52169029553
195,83627.12904968888
205,83627.12904968888
