search_time (s),config time (ms)
0,137214.65713502493
1,118849.78269618616
2,115635.77035429553
3,115372.00598929555
7,101113.3184969903
8,93800.71845135339
11,78435.46531721874
78,78433.51517897127
133,78095.80928447086
149,77526.23891149176
191,77523.91803773378
207,77523.91803773378
