search_time (s),config time (ms)
0,1073741824
1,92598.23223704698
2,79866.2536708548
4,78761.60245116104
5,77114.15422212779
10,76167.52628414723
27,76148.95808400352
43,76141.83587971803
47,76134.85748456675
123,76121.14556640817
164,75391.1656373303
175,75193.95996444594
206,75193.95996444594
207,76135.84228110398
208,76350.18244532873
209,76613.37403640183
210,76619.39687814124
211,76729.57490258984
212,76896.79075179459
213,77286.65845263621
214,77309.82369058498
