search_time (s),config time (ms)
0,1073741824
1,137850.07098372103
2,136707.55242794042
3,93600.69844460183
4,90485.24703155599
5,89393.26433646005
11,87945.6721695031
30,86460.14557012731
31,83799.33029868203
32,83143.23793591013
81,83141.99915683559
133,83139.23259076104
178,83128.66886679537
208,83128.66886679537
