search_time (s),config time (ms)
0,128570.62478070491
1,124382.51909661929
2,113231.6010106465
5,107496.94488187732
11,106699.15525399211
20,106695.17836146495
55,106669.80270844472
184,106669.80270844472
205,107060.31366186286
