search_time (s),config time (ms)
0,1073741824
1,110049.21270423672
2,87361.02992317795
3,84620.36830023481
4,84522.92216478956
10,84272.12590799546
14,84243.57913536331
15,81274.36680829493
20,80942.00913581515
34,79841.74961563355
100,79841.74961563355
163,80536.03336931391
205,81732.07990866648
