search_time (s),config time (ms)
0,104741.1466284678
1,89603.32128168657
3,88190.52840232702
22,87031.74400881231
117,87031.74400881231
189,88240.84728769306
203,88246.02490922023
