search_time (s),config time (ms)
0,1073741824
1,162409.93299322188
2,155690.67597535817
3,144613.77427707575
4,137523.71690532487
16,136706.96004473948
19,131422.02946525073
23,129924.6426712114
39,127859.70565218071
40,125171.9907343234
183,125171.9907343234
205,132003.65018601718
