search_time (s),config time (ms)
0,1073741824
1,109149.08237611828
2,87688.35856126943
3,87665.21157494785
4,85537.46251704374
5,84486.03156505342
6,81151.73843341158
17,81104.84356105335
42,81083.26407422997
48,81072.36505155421
56,78532.76661858596
63,78519.63788254575
76,78512.16449754876
81,78403.584702829
85,77912.99151868216
132,77912.99151868216
174,79650.8456976014
176,77618.39506243651
199,77584.89707655103
210,77584.89707655103
