search_time (s),config time (ms)
0,1073741824
1,261353.88043105492
2,187457.70355631463
5,144539.7732870265
9,142338.6834539634
19,139628.34096780585
88,139628.34096780585
128,143069.96218901637
181,142352.41058830384
204,144593.53535173385
