search_time (s),config time (ms)
0,1073741824
1,107325.32424681555
2,85538.33419830241
3,81317.33162774728
4,80675.92176793829
5,80675.14482305317
7,80600.9608284307
12,80551.47323595696
27,79821.24580099354
51,79710.39492486966
83,77750.82473859112
99,77750.82473859112
120,79883.79941500507
152,79970.55445203003
174,80418.02371827394
202,77004.6095446874
207,77004.6095446874
