search_time (s),config time (ms)
0,235443.18334198045
1,220992.63442661663
4,200112.2234573832
7,172901.66014045733
8,169076.22101207433
9,167412.17570877649
11,164280.0146582736
103,164280.0146582736
130,162794.12923050497
189,162794.12923050497
205,162816.5354951302
208,164550.89829408602
