search_time (s),config time (ms)
0,38552.302160101164
1,22308.026086232778
2,22242.106960126643
3,22150.672820836517
4,21917.415444586608
5,21270.56643388093
8,21257.09443093502
9,21214.537056814108
54,21214.537056814108
100,21253.42828885675
115,21258.3478688034
159,21288.749730084666
184,21253.14017703884
209,21296.496014631022
