search_time (s),config time (ms)
0,22705.348142678704
1,21683.611351478532
3,21682.302578919876
4,21653.488830516642
57,21653.488830516642
89,21653.20528369873
109,21653.20528369873
142,21653.433773523797
149,21653.433773523797
161,21681.93213055424
202,21870.540245862998
207,21683.611166346916
