search_time (s),config time (ms)
0,335452.0677084338
1,263686.83651088167
9,262113.67530489765
10,257900.7681145608
11,256710.45387008676
19,256703.28564789865
140,256644.78652600688
205,256644.78652600688
