search_time (s),config time (ms)
0,187070.20806689138
2,159697.05585914198
4,157798.96482453725
7,156956.72787207548
18,155979.78997731567
198,154949.9521813944
203,154949.9521813944
204,158555.58425098786
205,158567.80070886106
206,158593.56692171292
