search_time (s),config time (ms)
0,253903.0685252753
1,199391.0232946926
3,184828.9983830157
4,178614.9388693998
6,171828.82541145064
33,171777.83797306882
47,171762.22803016042
204,171762.22803016042
