search_time (s),config time (ms)
0,1073741824
1,247134.90938657022
2,171197.05200585868
4,171143.05876469638
5,170160.64980356203
7,164083.04826305932
47,157979.16504874034
83,156838.62170680356
96,156820.00475834988
143,156818.2608143591
206,156818.2608143591
