search_time (s),config time (ms)
0,273337.2617467865
1,240064.66697767458
2,228906.36326163277
3,228880.53945359326
39,226118.43279000634
118,226118.43279000634
202,226139.53821836648
