search_time (s),config time (ms)
0,240857.19949493223
1,181808.0188147716
27,181788.6958995881
134,180591.01040872885
203,180591.01040872885
