search_time (s),config time (ms)
0,241998.26465522684
1,212106.94272141324
7,211210.6905160141
10,208614.05677912757
71,208608.57465916878
149,208608.57465916878
204,208646.14382951884
