search_time (s),config time (ms)
0,1073741824
1,288070.3094088304
2,204854.1673494067
4,204854.16169449614
6,204844.82286342286
7,203131.00866007732
19,201924.88817874636
205,201924.88817874636
