search_time (s),config time (ms)
0,1073741824
1,274570.8046006913
3,182235.18372032943
24,181316.54907378045
38,181310.94239770822
43,181276.8081805155
55,179619.13688103043
77,176245.56778264322
78,173034.8740507762
122,172780.98875715552
123,172753.61496179752
131,172746.88318025437
137,172737.5568338724
151,172690.68817103692
209,172690.68817103692
