search_time (s),config time (ms)
0,1073741824
1,426714.88440265757
2,301097.32454192924
19,298959.0001981011
29,294839.38053024677
37,294839.38053024677
50,296950.42602332734
104,298984.4367121406
139,295013.3314440073
147,296942.51745760837
181,294104.4016406627
193,294104.4016406627
205,298916.834964195
