search_time (s),config time (ms)
0,1073741824
1,288435.9143878847
2,201888.10354655018
39,200330.81167021923
40,200281.12150124807
69,199159.22519130382
139,199136.2753500312
181,196560.0380281265
205,196560.0380281265
