search_time (s),config time (ms)
0,1073741824
1,278539.2247459273
2,197632.2113701831
3,191021.9218188387
5,190993.09649749173
14,187949.63212969183
203,187946.46415525113
204,187946.46415525113
