search_time (s),config time (ms)
0,19659.705847982026
1,10905.1762462326
2,10905.1762462326
3,10905.1762462326
4,10905.1762462326
5,10905.1762462326
6,10905.1762462326
7,10905.1762462326
8,19659.705847982026
9,19659.705847982026
10,19659.705847982026
11,19659.705847982026
12,19659.705847982026
13,11302.914419116283
14,11302.914419116283
15,11302.914419116283
16,11302.914419116283
17,11302.914419116283
