search_time (s),config time (ms)
0,419570.36358652124
2,231865.62484790816
7,230666.51260384498
9,230480.80353871977
11,230474.45965012923
38,230325.06749535378
45,230287.29525194434
50,230276.91293036143
126,218338.63315986615
138,218173.13946326758
139,217410.43840757041
204,217410.43840757041
