search_time (s),config time (ms)
0,1073741824
1,459735.25842511817
3,324056.970198268
7,316963.05903408374
10,316704.16069087625
11,271959.2169467899
14,262473.3844665634
17,250853.24696855337
18,250846.25594155336
19,224746.6089015277
22,196637.11066889105
82,196614.1443382375
207,196614.1443382375
