search_time (s),config time (ms)
0,494035.07419485436
1,487982.30548085266
2,475869.7975542031
40,475869.7975542031
73,476044.79808687174
107,485262.76533289655
123,485479.2035550225
138,487966.1011012906
187,488003.6097324639
205,488025.67574942415
