search_time (s),config time (ms)
0,381922.2232921505
1,344183.87618032284
2,264850.1934887596
3,254676.4769671096
7,251500.2695061858
11,250526.74070606183
41,249969.74882923363
64,249968.95668923363
94,249945.34008201255
103,247740.92727664308
125,240378.3661833434
155,240329.19710991482
210,240329.19710991482
