search_time (s),config time (ms)
0,318411.15367028554
1,235864.60173887634
3,235592.84553503833
4,235378.75385444777
26,228917.89499169585
34,218369.36556090895
40,214847.47705109118
45,214702.24835772166
204,214702.24835772166
