search_time (s),config time (ms)
0,440958.01912931836
1,435087.08005367155
2,425495.097929438
3,390112.143207
4,359354.4234693724
5,332793.5622396098
84,321716.2951164696
131,316525.67948011623
205,316525.67948011623
