search_time (s),config time (ms)
0,1073741824
1,446731.40446032665
3,239825.13979815395
5,221693.03390670728
6,220639.04265751026
7,215055.96197887417
30,206847.43443458536
34,206684.0789976885
48,206670.24595468852
49,206665.91144668852
52,200410.92350717902
61,199832.27026733727
106,199798.52456025907
129,199798.50741740194
208,199798.50741740194
