search_time (s),config time (ms)
0,1073741824
1,381503.7157087653
3,247787.005794594
8,242970.26707365026
24,231021.04092122655
25,230701.3609315123
37,230649.37763492172
45,229964.96842379592
46,229834.5843943482
56,209344.6427718933
65,196958.78206265453
103,196385.40549696522
105,194908.20099734172
106,193514.5209499367
196,191262.74800451024
197,191251.85979908166
210,191251.85979908166
