search_time (s),config time (ms)
0,1073741824
1,446404.4260104578
2,216003.44287495728
8,214057.30614149323
54,211903.85762862707
65,211834.0760011463
169,211805.90813304554
170,211190.03943618044
205,211190.03943618044
