search_time (s),config time (ms)
0,276084.89956742857
1,218052.37050628572
27,217899.33652359614
59,213745.07498096177
66,213713.23551588357
68,213673.8074520958
82,207720.3086460887
189,206938.78364490825
205,206938.78364490825
