search_time (s),config time (ms)
0,423923.86985184357
1,423581.6327219864
3,223792.4544029197
4,223374.81502462245
22,223321.92142462244
82,221884.81060460728
136,221872.57868794608
204,221872.57868794608
