search_time (s),config time (ms)
0,1073741824
10,87401.61589490031
21,87401.61589490031
32,87401.61589490031
43,87401.61589490031
54,87401.61589490031
65,87401.61589490031
