search_time (s),config time (ms)
0,90299.63295039772
1,83121.79816936563
64,83121.79816936563
98,84593.14100776204
104,84667.78137944781
117,85834.83813613247
124,86607.28520496954
158,85402.80551015283
182,87218.2343005528
205,87879.93656468709
