search_time (s),config time (ms)
0,1073741824
1,84180.18307491444
2,81980.66361187896
126,81980.66361187896
127,81927.44182902157
159,81927.44182902157
204,87181.1434739804
