search_time (s),config time (ms)
0,1073741824
1,118061.7301093751
2,96809.10514602489
3,96400.50768896531
9,84653.95891497585
10,81949.90736441486
11,81766.3501679365
50,81766.3501679365
51,80755.43130999155
67,80755.43130999155
82,82240.66183413618
137,80792.76578884052
161,81777.71155663003
173,82475.64001218992
208,81575.88114022848
