search_time (s),config time (ms)
0,1073741824
20,127095.46240882076
23,98355.84345879419
43,93291.02608032877
98,93291.02608032877
125,97687.99270536433
153,103922.93680259399
177,96847.54296474492
186,92286.48216380579
205,92286.48216380579
