search_time (s),config time (ms)
0,1073741824
1,98298.12247732164
2,87913.85153794037
3,84204.87368437307
4,83936.13203391308
5,81243.86745093756
87,79357.3206670476
123,79350.11259974823
204,79350.11259974823
