search_time (s),config time (ms)
0,1073741824
1,97004.60368857565
2,87806.28352762458
4,87368.82784001829
27,87354.77374506048
29,84998.16442713735
31,84994.22825506821
32,84227.64996682749
41,83893.39438348368
52,82259.07179968394
53,80686.09883120253
84,80400.17638405702
116,80390.075795206
149,80390.075795206
157,80393.6449756315
158,80393.6449756315
187,78818.37561184654
210,78818.37561184654
