search_time (s),config time (ms)
0,54101.23555951952
1,49842.767419149975
5,49384.51199433187
27,49379.17832802516
50,49379.17832802516
51,49238.924692950124
61,49238.924692950124
109,49532.43655049665
137,49412.61375418405
150,49412.61375418405
160,49509.24753517852
184,49254.68628010348
195,58201.71769959482
208,49529.098242102395
