search_time (s),config time (ms)
0,17765.21299517623
1,17765.21299517623
2,17765.21299517623
3,17765.21299517623
4,17765.21299517623
5,17765.21299517623
6,17765.21299517623
7,19775.973451285718
8,19775.973451285718
9,19775.973451285718
10,19775.973451285718
11,19775.973451285718
12,25500.74243685715
13,25500.74243685715
14,25500.74243685715
15,25500.74243685715
16,25500.74243685715
