search_time (s),config time (ms)
0,766959.0365431375
2,747719.7466938416
13,730465.539805269
15,729215.351249958
16,728375.074895269
27,694551.5015505205
29,693411.9199597907
61,672554.1167991761
108,672523.6608903776
146,671187.7251965792
148,668117.5513090421
176,668086.9638953534
207,668086.9638953534
