search_time (s),config time (ms)
0,683763.9458437655
2,591663.1058316722
31,565480.0159966887
90,565416.508301403
203,565416.508301403
