search_time (s),config time (ms)
0,437394.74425515067
4,411372.6023135051
6,410964.6506367066
10,407305.2020671263
19,401429.24996026035
43,401412.39609831903
73,400016.7092241761
170,399976.32377989043
193,391994.64294397447
194,388656.3553197066
206,388656.3553197066
