search_time (s),config time (ms)
0,655565.6524855372
1,598236.4387015007
3,554291.6988056921
4,521077.50938646187
6,429529.52266004204
8,427878.3465636213
11,420332.1899898394
115,413305.3661658074
139,413292.6144608495
202,413292.6144608495
