search_time (s),config time (ms)
0,1073741824
1,1060741.400364463
3,990217.0405470766
4,955121.9861004122
5,906871.9989028495
33,875559.2056864122
152,875559.2056864122
183,895745.6900609426
204,916026.9725996302
