search_time (s),config time (ms)
0,603024.0434988939
1,593602.4607761584
3,452005.32992705883
77,451965.4794077731
203,451965.4794077731
