search_time (s),config time (ms)
0,654837.8698868849
2,513960.83664189925
16,513948.6126282104
17,511623.82443680626
93,509467.8227330919
105,509365.83937326027
108,509048.5320476302
123,499479.251656412
203,499479.251656412
