search_time (s),config time (ms)
0,1073741824
1,833069.3164761774
3,832708.7083095473
7,784069.9783786301
17,784013.4674440587
38,783924.5095564873
154,779247.7938599747
156,775252.0693022691
168,775075.4161915549
206,775075.4161915549
