{
  "NodeSpec(target_spec=FunctionSpec(mist.modules.flash_attn.flash_attn_qkvpacked_func), bounded_signature={'qkv': TensorSpec(shape=(1, 2048, 3, 16, 128), dtype=torch.float16, requires_grad=True), 'dropout_p': 0.0, 'softmax_scale': 0.08838834764831845, 'causal': True, 'window_size': (-1, -1), 'return_attn_probs': False})": {
    "fwd": [
      0.0003337711360316871,
      0.0003328000009059906,
      7.203669502413826e-06
    ],
    "bwd": [
      0.001070367904963102,
      0.001070080041885376,
      6.37403148279871e-06
    ]
  },
  "NodeSpec(target_spec=FunctionSpec(mist.modules.flash_attn.flash_attn_qkvpacked_func), bounded_signature={'qkv': TensorSpec(shape=(1, 2048, 3, 16, 80), dtype=torch.float16, requires_grad=True), 'dropout_p': 0.0, 'softmax_scale': 0.11180339887498948, 'causal': True, 'window_size': (-1, -1), 'return_attn_probs': False})": {
    "fwd": [
      0.00028463359061792513,
      0.0002836480140686035,
      1.1345663589166014e-05
    ],
    "bwd": [
      0.001095626050857926,
      0.0010905599594116212,
      0.00010899978035793106
    ]
  },
  "NodeSpec(target_spec=FunctionSpec(mist.modules.flash_attn.flash_attn_qkvpacked_func), bounded_signature={'qkv': TensorSpec(shape=(1, 2048, 3, 32, 128), dtype=torch.float16, requires_grad=True), 'dropout_p': 0.0, 'softmax_scale': 0.08838834764831845, 'causal': True, 'window_size': (-1, -1), 'return_attn_probs': False})": {
    "fwd": [
      0.0005977135753590415,
      0.000596992015838623,
      7.595558051605086e-06
    ],
    "bwd": [
      0.002365482469090938,
      0.002362368106842041,
      1.0198603670212484e-05
    ]
  },
  "NodeSpec(target_spec=FunctionSpec(mist.modules.flash_attn.flash_attn_qkvpacked_func), bounded_signature={'qkv': TensorSpec(shape=(1, 2048, 3, 32, 80), dtype=torch.float16, requires_grad=True), 'dropout_p': 0.0, 'softmax_scale': 0.11180339887498948, 'causal': True, 'window_size': (-1, -1), 'return_attn_probs': False})": {
    "fwd": [
      0.0005378543477865957,
      0.0005375999808311463,
      6.652538741563239e-06
    ],
    "bwd": [
      0.001674902299527199,
      0.001674239993095398,
      7.774829528023917e-06
    ]
  },
  "NodeSpec(target_spec=FunctionSpec(mist.modules.flash_attn.flash_attn_qkvpacked_func), bounded_signature={'qkv': TensorSpec(shape=(1, 2048, 3, 4, 128), dtype=torch.float16, requires_grad=True), 'dropout_p': 0.0, 'softmax_scale': 0.08838834764831845, 'causal': True, 'window_size': (-1, -1), 'return_attn_probs': False})": {
    "fwd": [
      0.0005780391282753038,
      0.0005744640231132507,
      2.6724419790287608e-05
    ],
    "bwd": [
      0.0008269364240570603,
      0.0008243200182914734,
      1.4918661475016282e-05
    ]
  },
  "NodeSpec(target_spec=FunctionSpec(mist.modules.flash_attn.flash_attn_qkvpacked_func), bounded_signature={'qkv': TensorSpec(shape=(1, 2048, 3, 8, 128), dtype=torch.float16, requires_grad=True), 'dropout_p': 0.0, 'softmax_scale': 0.08838834764831845, 'causal': True, 'window_size': (-1, -1), 'return_attn_probs': False})": {
    "fwd": [
      0.00042580243990345316,
      0.0004239360094070435,
      1.5950609398922066e-05
    ],
    "bwd": [
      0.0009647916479429093,
      0.0009615359902381897,
      2.5375238314023385e-05
    ]
  },
  "NodeSpec(target_spec=FunctionSpec(mist.modules.flash_attn.flash_attn_qkvpacked_func), bounded_signature={'qkv': TensorSpec(shape=(1, 2048, 3, 8, 80), dtype=torch.float16, requires_grad=True), 'dropout_p': 0.0, 'softmax_scale': 0.11180339887498948, 'causal': True, 'window_size': (-1, -1), 'return_attn_probs': False})": {
    "fwd": [
      0.0005157018599996142,
      0.0005130239725112915,
      3.434691383725643e-05
    ],
    "bwd": [
      0.0008977407891849043,
      0.0008960000276565552,
      1.184630843665275e-05
    ]
  },
  "NodeSpec(target_spec=FunctionSpec(mist.modules.flash_attn.flash_attn_qkvpacked_func), bounded_signature={'qkv': TensorSpec(shape=(2, 2048, 3, 16, 128), dtype=torch.float16, requires_grad=True), 'dropout_p': 0.0, 'softmax_scale': 0.08838834764831845, 'causal': True, 'window_size': (-1, -1), 'return_attn_probs': False})": {
    "fwd": [
      0.0005973058893053575,
      0.000596992015838623,
      7.804506674683346e-06
    ],
    "bwd": [
      0.00237831461449564,
      0.0023777279853820802,
      1.0941854790612928e-05
    ]
  },
  "NodeSpec(target_spec=FunctionSpec(mist.modules.flash_attn.flash_attn_qkvpacked_func), bounded_signature={'qkv': TensorSpec(shape=(2, 2048, 3, 16, 80), dtype=torch.float16, requires_grad=True), 'dropout_p': 0.0, 'softmax_scale': 0.11180339887498948, 'causal': True, 'window_size': (-1, -1), 'return_attn_probs': False})": {
    "fwd": [
      0.0005382039802821149,
      0.0005375999808311463,
      7.677062122266295e-06
    ],
    "bwd": [
      0.0016760242737723077,
      0.0016783360242843628,
      1.023009273061387e-05
    ]
  },
  "NodeSpec(target_spec=FunctionSpec(mist.modules.flash_attn.flash_attn_qkvpacked_func), bounded_signature={'qkv': TensorSpec(shape=(2, 2048, 3, 32, 128), dtype=torch.float16, requires_grad=True), 'dropout_p': 0.0, 'softmax_scale': 0.08838834764831845, 'causal': True, 'window_size': (-1, -1), 'return_attn_probs': False})": {
    "fwd": [
      0.0010957422499236365,
      0.001095679998397827,
      9.901813443958646e-06
    ],
    "bwd": [
      0.004920621938618483,
      0.004922368049621582,
      1.9720840105033338e-05
    ]
  },
  "NodeSpec(target_spec=FunctionSpec(mist.modules.flash_attn.flash_attn_qkvpacked_func), bounded_signature={'qkv': TensorSpec(shape=(2, 2048, 3, 32, 80), dtype=torch.float16, requires_grad=True), 'dropout_p': 0.0, 'softmax_scale': 0.11180339887498948, 'causal': True, 'window_size': (-1, -1), 'return_attn_probs': False})": {
    "fwd": [
      0.0010011204815622587,
      0.0010004479885101318,
      8.188473263869593e-06
    ],
    "bwd": [
      0.0035934085589736254,
      0.0035921919345855715,
      1.3223106308145243e-05
    ]
  },
  "NodeSpec(target_spec=FunctionSpec(mist.modules.flash_attn.flash_attn_qkvpacked_func), bounded_signature={'qkv': TensorSpec(shape=(2, 2048, 3, 4, 128), dtype=torch.float16, requires_grad=True), 'dropout_p': 0.0, 'softmax_scale': 0.08838834764831845, 'causal': True, 'window_size': (-1, -1), 'return_attn_probs': False})": {
    "fwd": [
      0.0004342192119868227,
      0.00043212801218032835,
      1.524159370039612e-05
    ],
    "bwd": [
      0.0009800018362296644,
      0.0009779199957847596,
      1.593761147695504e-05
    ]
  },
  "NodeSpec(target_spec=FunctionSpec(mist.modules.flash_attn.flash_attn_qkvpacked_func), bounded_signature={'qkv': TensorSpec(shape=(2, 2048, 3, 8, 128), dtype=torch.float16, requires_grad=True), 'dropout_p': 0.0, 'softmax_scale': 0.08838834764831845, 'causal': True, 'window_size': (-1, -1), 'return_attn_probs': False})": {
    "fwd": [
      0.00033550617330856906,
      0.00033587199449539186,
      7.110079025484766e-06
    ],
    "bwd": [
      0.001068890286219939,
      0.0010670080184936523,
      8.444963842005161e-06
    ]
  },
  "NodeSpec(target_spec=FunctionSpec(mist.modules.flash_attn.flash_attn_qkvpacked_func), bounded_signature={'qkv': TensorSpec(shape=(2, 2048, 3, 8, 80), dtype=torch.float16, requires_grad=True), 'dropout_p': 0.0, 'softmax_scale': 0.11180339887498948, 'causal': True, 'window_size': (-1, -1), 'return_attn_probs': False})": {
    "fwd": [
      0.0002879634914976178,
      0.0002836480140686035,
      5.734469331229079e-05
    ],
    "bwd": [
      0.001095637089917154,
      0.0010915839672088624,
      2.866559133184807e-05
    ]
  },