search_time (s),config time (ms)
0,26858.906807982014
1,18231.621750232578
2,18231.621750232578
3,18231.621750232578
4,18231.621750232578
5,18231.621750232578
6,18231.621750232578
7,18231.621750232578
8,26858.906807982014
9,26858.906807982014
10,26858.906807982014
11,26858.906807982014
12,26858.906807982014
13,16709.015531116285
14,16709.015531116285
15,16709.015531116285
16,16709.015531116285
17,16709.015531116285
