search_time (s),config time (ms)
0,164752.42037757137
1,146300.22532771423
45,146287.39963359016
97,144926.7097728102
129,144909.63724081643
157,144884.72598853073
163,144036.49427909427
203,144036.49427909427
