search_time (s),config time (ms)
0,1073741824
1,235039.40890999997
3,170696.99589564756
4,161971.80715448692
5,145021.08993328572
11,139560.43917735343
15,139504.9309594963
38,139476.48911993112
55,133447.84056645771
56,133015.62658263603
61,132805.05042193952
71,132723.12121751718
116,132715.49009878014
207,132715.49009878014
