search_time (s),config time (ms)
0,1073741824
1,229165.40140442853
3,155488.46624666106
5,155251.2191278102
6,154863.99309625762
7,142270.4588451679
22,139928.2892189311
32,137654.3428877602
42,129676.3327851491
43,129301.02548795307
87,126029.29570668715
150,121675.73971043485
204,121180.12900909591
206,121180.12900909591
