search_time (s),config time (ms)
0,1073741824
1,244959.7390802205
2,179031.64639791238
7,166869.6941013182
18,166527.14235876242
21,162062.90472566735
39,158177.67108294682
75,157568.18311262046
81,153801.18994085924
166,153801.18994085924
205,156953.18603807394
