search_time (s),config time (ms)
0,1073741824
1,243301.6491962143
2,200445.51087511022
8,182915.48666867046
9,176417.42046643794
11,170470.63061341344
16,169593.02392514286
21,167104.38392833227
80,165297.6578744662
88,161823.31596999997
160,161760.2773868571
208,161760.2773868571
