search_time (s),config time (ms)
0,215067.04961008174
1,194020.1761329983
5,151616.27226891802
83,151503.03236780854
133,151271.5037283399
172,149234.57316638314
202,149234.57316638314
