search_time (s),config time (ms)
0,1073741824
1,218795.6608235
2,217869.47020700003
3,119117.68859314284
4,115689.40408429198
6,107396.4477587216
40,107078.63807694682
42,107060.26252823253
49,107027.05801266737
93,107025.32252881648
100,107021.25681995308
125,106997.21735325131
203,106997.21735325131
207,107245.93708789574
