search_time (s),config time (ms)
0,1073741824
1,128335.37603875822
2,128319.66511143485
3,110686.65412172054
5,95819.67237558392
120,95819.67237558392
194,100163.31252554167
204,100164.42119254166
