search_time (s),config time (ms)
0,219876.4526617857
1,205738.21768528572
2,172925.82517103764
3,172619.29615032335
7,168749.82227560904
37,165574.7554284662
134,165574.7554284662
167,168629.82443628568
206,169166.0252544286
