search_time (s),config time (ms)
0,1073741824
1,223371.56929942855
2,222561.0754565714
3,207043.8763524285
4,168712.4992322919
5,144063.80360679195
44,144012.96931522677
81,142950.2296293007
120,142930.69931480227
205,142930.69931480227
