search_time (s),config time (ms)
0,1073741824
1,156572.82275521735
2,151051.9460632676
8,150615.15620605173
11,149827.22112983276
12,134270.5986005714
13,111107.56227542856
14,110962.40862736182
15,105480.92711128572
17,98074.49849899838
19,98074.15201464592
23,98073.63765464592
27,98057.97430664592
31,95593.77256014747
33,92170.80183192017
62,92170.80183192017
133,92552.0096222911
180,92152.89257706929
207,92152.89257706929
213,98045.03247479504
